"","Station","Year","Lat","Long","Rain"
"1","Admiralty",2009,1.4439,103.7854,1736.6
"2","Admiralty",2010,1.4439,103.7854,2980.8
"3","Admiralty",2011,1.4439,103.7854,2871.8
"4","Admiralty",2012,1.4439,103.7854,2916.8
"5","Admiralty",2013,1.4439,103.7854,2559.8
"6","Admiralty",2014,1.4439,103.7854,1809.3
"7","Admiralty",2015,1.4439,103.7854,2046.8
"8","Admiralty",2016,1.4439,103.7854,1968
"9","Admiralty",2017,1.4439,103.7854,1977.8
"10","Admiralty",2018,1.4439,103.7854,2211.7
"11","Admiralty",2019,1.4439,103.7854,1969.4
"12","Admiralty",2020,1.4439,103.7854,135.6
"13","Admiralty West",2009,1.4582,103.7953,2010.8
"14","Admiralty West",2010,1.4582,103.7953,3235.4
"15","Admiralty West",2011,1.4582,103.7953,2948.2
"16","Admiralty West",2012,1.4582,103.7953,3280.2
"17","Admiralty West",2013,1.4582,103.7953,2644
"18","Admiralty West",2014,1.4582,103.7953,2648
"19","Admiralty West",2015,1.4582,103.7953,2101.6
"20","Admiralty West",2016,1.4582,103.7953,1435.4
"21","Admiralty West",2018,1.4582,103.7953,1754.2
"22","Admiralty West",2019,1.4582,103.7953,2094.8
"23","Admiralty West",2020,1.4582,103.7953,16.8
"24","Ang Mo Kio",2009,1.3764,103.8492,830.6
"25","Ang Mo Kio",2010,1.3764,103.8492,2849.2
"26","Ang Mo Kio",2011,1.3764,103.8492,3050.4
"27","Ang Mo Kio",2012,1.3764,103.8492,2579.6
"28","Ang Mo Kio",2013,1.3764,103.8492,3240
"29","Ang Mo Kio",2014,1.3764,103.8492,1961.4
"30","Ang Mo Kio",2015,1.3764,103.8492,2018.4
"31","Ang Mo Kio",2016,1.3764,103.8492,2193.4
"32","Ang Mo Kio",2017,1.3764,103.8492,2573
"33","Ang Mo Kio",2018,1.3764,103.8492,2734.6
"34","Ang Mo Kio",2019,1.3764,103.8492,1656.2
"35","Ang Mo Kio",2020,1.3764,103.8492,151.5
"36","Botanic Garden",2010,1.3087,103.818,686
"37","Botanic Garden",2011,1.3087,103.818,2940
"38","Botanic Garden",2012,1.3087,103.818,2497.6
"39","Botanic Garden",2013,1.3087,103.818,2849
"40","Botanic Garden",2014,1.3087,103.818,2244.4
"41","Botanic Garden",2015,1.3087,103.818,1809.4
"42","Botanic Garden",2016,1.3087,103.818,2592.5
"43","Botanic Garden",2017,1.3087,103.818,2824.8
"44","Botanic Garden",2018,1.3087,103.818,2795.2
"45","Botanic Garden",2019,1.3087,103.818,1790.6
"46","Botanic Garden",2020,1.3087,103.818,139
"47","Buangkok",1980,1.3837,103.886,2188.7
"48","Buangkok",1981,1.3837,103.886,1669.7
"49","Buangkok",1982,1.3837,103.886,1780.1
"50","Buangkok",1983,1.3837,103.886,1657.7
"51","Buangkok",1984,1.3837,103.886,2863.7
"52","Buangkok",1985,1.3837,103.886,2351.7
"53","Buangkok",1986,1.3837,103.886,2224.2
"54","Buangkok",1987,1.3837,103.886,2182.9
"55","Buangkok",1988,1.3837,103.886,2212.1
"56","Buangkok",1989,1.3837,103.886,2572.3
"57","Buangkok",1990,1.3837,103.886,1671.3
"58","Buangkok",1991,1.3837,103.886,2048.7
"59","Buangkok",1992,1.3837,103.886,2565.4
"60","Buangkok",1993,1.3837,103.886,2293.1
"61","Buangkok",1994,1.3837,103.886,2242.7
"62","Buangkok",1995,1.3837,103.886,2354.2
"63","Buangkok",1996,1.3837,103.886,2644.8
"64","Buangkok",1997,1.3837,103.886,1452.4
"65","Buangkok",1998,1.3837,103.886,2734.1
"66","Buangkok",1999,1.3837,103.886,2638.9
"67","Buangkok",2000,1.3837,103.886,2862.5
"68","Buangkok",2001,1.3837,103.886,2844.1
"69","Buangkok",2002,1.3837,103.886,1909.5
"70","Buangkok",2003,1.3837,103.886,2763.3
"71","Buangkok",2004,1.3837,103.886,2590.2
"72","Buangkok",2005,1.3837,103.886,2546.4
"73","Buangkok",2006,1.3837,103.886,3252.4
"74","Buangkok",2007,1.3837,103.886,3374.4
"75","Buangkok",2008,1.3837,103.886,2459.9
"76","Buangkok",2009,1.3837,103.886,2012.1
"77","Buangkok",2010,1.3837,103.886,2663.8
"78","Buangkok",2011,1.3837,103.886,3136.6
"79","Buangkok",2012,1.3837,103.886,2516.6
"80","Buangkok",2013,1.3837,103.886,3255.8
"81","Buangkok",2014,1.3837,103.886,1954.2
"82","Buangkok",2015,1.3837,103.886,1666.2
"83","Buangkok",2016,1.3837,103.886,1809
"84","Buangkok",2017,1.3837,103.886,2714
"85","Buangkok",2018,1.3837,103.886,2435.4
"86","Buangkok",2019,1.3837,103.886,187.2
"87","Bukit Panjang",1980,1.3824,103.7603,2862
"88","Bukit Panjang",1981,1.3824,103.7603,2046.8
"89","Bukit Panjang",1982,1.3824,103.7603,2337.1
"90","Bukit Panjang",1983,1.3824,103.7603,1495.8
"91","Bukit Panjang",1984,1.3824,103.7603,3526.2
"92","Bukit Panjang",1985,1.3824,103.7603,2596.6
"93","Bukit Panjang",1986,1.3824,103.7603,2699.5
"94","Bukit Panjang",1987,1.3824,103.7603,2289.1
"95","Bukit Panjang",1988,1.3824,103.7603,2621.7
"96","Bukit Panjang",1989,1.3824,103.7603,2414.6
"97","Bukit Panjang",1990,1.3824,103.7603,2136.3
"98","Bukit Panjang",1991,1.3824,103.7603,2246.4
"99","Bukit Panjang",1992,1.3824,103.7603,2539.2
"100","Bukit Panjang",1993,1.3824,103.7603,2626.6
"101","Bukit Panjang",1994,1.3824,103.7603,2300
"102","Bukit Panjang",1995,1.3824,103.7603,2857.4
"103","Bukit Panjang",1996,1.3824,103.7603,2567.9
"104","Bukit Panjang",1997,1.3824,103.7603,2001.8
"105","Bukit Panjang",1998,1.3824,103.7603,2939
"106","Bukit Panjang",1999,1.3824,103.7603,2807.7
"107","Bukit Panjang",2000,1.3824,103.7603,2421
"108","Bukit Panjang",2001,1.3824,103.7603,2639.3
"109","Bukit Panjang",2002,1.3824,103.7603,2382.7
"110","Bukit Panjang",2003,1.3824,103.7603,3141.7
"111","Bukit Panjang",2004,1.3824,103.7603,2603.5
"112","Bukit Panjang",2005,1.3824,103.7603,2680.6
"113","Bukit Panjang",2006,1.3824,103.7603,3482.6
"114","Bukit Panjang",2007,1.3824,103.7603,3344.7
"115","Bukit Panjang",2008,1.3824,103.7603,2567.5
"116","Bukit Panjang",2009,1.3824,103.7603,1981
"117","Bukit Panjang",2010,1.3824,103.7603,2929.2
"118","Bukit Panjang",2011,1.3824,103.7603,3548.6
"119","Bukit Panjang",2012,1.3824,103.7603,2823.8
"120","Bukit Panjang",2013,1.3824,103.7603,3062
"121","Bukit Panjang",2014,1.3824,103.7603,2553.6
"122","Bukit Panjang",2015,1.3824,103.7603,2043.2
"123","Bukit Panjang",2016,1.3824,103.7603,2634.8
"124","Bukit Panjang",2017,1.3824,103.7603,2675.4
"125","Bukit Panjang",2018,1.3824,103.7603,2687.8
"126","Bukit Panjang",2019,1.3824,103.7603,1995.4
"127","Bukit Panjang",2020,1.3824,103.7603,71.6
"128","Bukit Timah",2009,1.3191,103.8191,2148.7
"129","Bukit Timah",2010,1.3191,103.8191,2677.4
"130","Bukit Timah",2011,1.3191,103.8191,2826.4
"131","Bukit Timah",2012,1.3191,103.8191,2529.4
"132","Bukit Timah",2013,1.3191,103.8191,2906.8
"133","Bukit Timah",2014,1.3191,103.8191,1547
"134","Bukit Timah",2015,1.3191,103.8191,1443.2
"135","Bukit Timah",2016,1.3191,103.8191,2348.2
"136","Bukit Timah",2017,1.3191,103.8191,2606.2
"137","Bukit Timah",2018,1.3191,103.8191,2724.2
"138","Bukit Timah",2019,1.3191,103.8191,1699.2
"139","Bukit Timah",2020,1.3191,103.8191,94.2
"140","Buona Vista",2009,1.2841,103.7886,2205.7
"141","Buona Vista",2010,1.2841,103.7886,2504.9
"142","Buona Vista",2011,1.2841,103.7886,3077.7
"143","Buona Vista",2012,1.2841,103.7886,2776
"144","Buona Vista",2013,1.2841,103.7886,2416.2
"145","Buona Vista",2014,1.2841,103.7886,2137
"146","Buona Vista",2015,1.2841,103.7886,1701.7
"147","Buona Vista",2016,1.2841,103.7886,2485.3
"148","Buona Vista",2017,1.2841,103.7886,2695.6
"149","Buona Vista",2018,1.2841,103.7886,2358.5
"150","Buona Vista",2019,1.2841,103.7886,1666.1
"151","Buona Vista",2020,1.2841,103.7886,202
"152","Chai Chee",2009,1.3277,103.9203,161.9
"153","Chai Chee",2010,1.3277,103.9203,2275.1
"154","Chai Chee",2011,1.3277,103.9203,2775.2
"155","Chai Chee",2012,1.3277,103.9203,2148
"156","Chai Chee",2013,1.3277,103.9203,2658.8
"157","Chai Chee",2014,1.3277,103.9203,1778.2
"158","Chai Chee",2015,1.3277,103.9203,1425.8
"159","Chai Chee",2016,1.3277,103.9203,1604.2
"160","Chai Chee",2017,1.3277,103.9203,2583.4
"161","Chai Chee",2018,1.3277,103.9203,1847.5
"162","Chai Chee",2019,1.3277,103.9203,1602.6
"163","Chai Chee",2020,1.3277,103.9203,137
"164","Changi",1980,1.3678,103.9826,2352.9
"165","Changi",1981,1.3678,103.9826,1336.3
"166","Changi",1982,1.3678,103.9826,1581.7
"167","Changi",1983,1.3678,103.9826,1866.5
"168","Changi",1984,1.3678,103.9826,2686.7
"169","Changi",1985,1.3678,103.9826,1483.9
"170","Changi",1986,1.3678,103.9826,2536.1
"171","Changi",1987,1.3678,103.9826,2102.8
"172","Changi",1988,1.3678,103.9826,2598.6
"173","Changi",1989,1.3678,103.9826,2469.3
"174","Changi",1990,1.3678,103.9826,1523.8
"175","Changi",1991,1.3678,103.9826,1877
"176","Changi",1992,1.3678,103.9826,2260.8
"177","Changi",1993,1.3678,103.9826,2168.7
"178","Changi",1994,1.3678,103.9826,1941.8
"179","Changi",1995,1.3678,103.9826,2332.6
"180","Changi",1996,1.3678,103.9826,2418
"181","Changi",1997,1.3678,103.9826,1118.9
"182","Changi",1998,1.3678,103.9826,2623.1
"183","Changi",1999,1.3678,103.9826,2134
"184","Changi",2000,1.3678,103.9826,2370.5
"185","Changi",2001,1.3678,103.9826,2783.1
"186","Changi",2002,1.3678,103.9826,1748.9
"187","Changi",2003,1.3678,103.9826,2391.2
"188","Changi",2004,1.3678,103.9826,2136.4
"189","Changi",2005,1.3678,103.9826,1930.7
"190","Changi",2006,1.3678,103.9826,2753.2
"191","Changi",2007,1.3678,103.9826,2886.2
"192","Changi",2008,1.3678,103.9826,2325.1
"193","Changi",2009,1.3678,103.9826,1920.9
"194","Changi",2010,1.3678,103.9826,2075.1
"195","Changi",2011,1.3678,103.9826,2524.2
"196","Changi",2012,1.3678,103.9826,2159.9
"197","Changi",2013,1.3678,103.9826,2748.4
"198","Changi",2014,1.3678,103.9826,1538.4
"199","Changi",2015,1.3678,103.9826,1266.8
"200","Changi",2016,1.3678,103.9826,1956.5
"201","Changi",2017,1.3678,103.9826,2054.6
"202","Changi",2018,1.3678,103.9826,1708.2
"203","Changi",2019,1.3678,103.9826,1367.5
"204","Changi",2020,1.3678,103.9826,88.4
"205","Choa Chu Kang (Central)",2009,1.3819,103.7386,119.6
"206","Choa Chu Kang (Central)",2010,1.3819,103.7386,2845.6
"207","Choa Chu Kang (Central)",2011,1.3819,103.7386,3574
"208","Choa Chu Kang (Central)",2012,1.3819,103.7386,2723.2
"209","Choa Chu Kang (Central)",2013,1.3819,103.7386,2595.4
"210","Choa Chu Kang (Central)",2014,1.3819,103.7386,2341.8
"211","Choa Chu Kang (Central)",2015,1.3819,103.7386,1979.8
"212","Choa Chu Kang (Central)",2016,1.3819,103.7386,2506.2
"213","Choa Chu Kang (Central)",2017,1.3819,103.7386,2624.4
"214","Choa Chu Kang (Central)",2018,1.3819,103.7386,2736
"215","Choa Chu Kang (Central)",2019,1.3819,103.7386,2079.5
"216","Choa Chu Kang (Central)",2020,1.3819,103.7386,84.6
"217","Choa Chu Kang (West)",1980,1.3746,103.6938,2776.4
"218","Choa Chu Kang (West)",1981,1.3746,103.6938,1934.5
"219","Choa Chu Kang (West)",1982,1.3746,103.6938,2280.4
"220","Choa Chu Kang (West)",1983,1.3746,103.6938,1526.7
"221","Choa Chu Kang (West)",1984,1.3746,103.6938,3249.8
"222","Choa Chu Kang (West)",1985,1.3746,103.6938,2437.9
"223","Choa Chu Kang (West)",1986,1.3746,103.6938,2472.6
"224","Choa Chu Kang (West)",1987,1.3746,103.6938,2370.1
"225","Choa Chu Kang (West)",1988,1.3746,103.6938,2649.9
"226","Choa Chu Kang (West)",1989,1.3746,103.6938,2219.1
"227","Choa Chu Kang (West)",1990,1.3746,103.6938,1982.7
"228","Choa Chu Kang (West)",1991,1.3746,103.6938,2039.2
"229","Choa Chu Kang (West)",1992,1.3746,103.6938,2758.6
"230","Choa Chu Kang (West)",1993,1.3746,103.6938,2568.1
"231","Choa Chu Kang (West)",1994,1.3746,103.6938,2279.6
"232","Choa Chu Kang (West)",1995,1.3746,103.6938,3389.8
"233","Choa Chu Kang (West)",1996,1.3746,103.6938,2324.3
"234","Choa Chu Kang (West)",1997,1.3746,103.6938,1817.8
"235","Choa Chu Kang (West)",1998,1.3746,103.6938,2760.1
"236","Choa Chu Kang (West)",1999,1.3746,103.6938,2395.7
"237","Choa Chu Kang (West)",2000,1.3746,103.6938,2378.7
"238","Choa Chu Kang (West)",2001,1.3746,103.6938,2612.5
"239","Choa Chu Kang (West)",2002,1.3746,103.6938,2811.8
"240","Choa Chu Kang (West)",2003,1.3746,103.6938,3234.1
"241","Choa Chu Kang (West)",2004,1.3746,103.6938,2633.1
"242","Choa Chu Kang (West)",2005,1.3746,103.6938,2553.9
"243","Choa Chu Kang (West)",2006,1.3746,103.6938,2967.7
"244","Choa Chu Kang (West)",2007,1.3746,103.6938,3369.4
"245","Choa Chu Kang (West)",2008,1.3746,103.6938,2716.4
"246","Choa Chu Kang (West)",2009,1.3746,103.6938,2212.5
"247","Choa Chu Kang (West)",2010,1.3746,103.6938,2535.4
"248","Choa Chu Kang (West)",2011,1.3746,103.6938,3059.4
"249","Choa Chu Kang (West)",2012,1.3746,103.6938,2551
"250","Choa Chu Kang (West)",2013,1.3746,103.6938,2381.1
"251","Choa Chu Kang (West)",2014,1.3746,103.6938,1982
"252","Choa Chu Kang (West)",2015,1.3746,103.6938,1784.4
"253","Choa Chu Kang (West)",2016,1.3746,103.6938,2501.1
"254","Choa Chu Kang (West)",2017,1.3746,103.6938,2395.6
"255","Choa Chu Kang (West)",2018,1.3746,103.6938,2950.4
"256","Choa Chu Kang (West)",2019,1.3746,103.6938,1988
"257","Choa Chu Kang (West)",2020,1.3746,103.6938,137.4
"258","Clementi",1980,1.3337,103.7768,2728.4
"259","Clementi",1981,1.3337,103.7768,2070.2
"260","Clementi",1982,1.3337,103.7768,2210.4
"261","Clementi",1983,1.3337,103.7768,1476.1
"262","Clementi",1984,1.3337,103.7768,3300.2
"263","Clementi",1985,1.3337,103.7768,2446.3
"264","Clementi",1986,1.3337,103.7768,2597.4
"265","Clementi",1987,1.3337,103.7768,2322.5
"266","Clementi",1988,1.3337,103.7768,2894.1
"267","Clementi",1989,1.3337,103.7768,2577.2
"268","Clementi",1990,1.3337,103.7768,2082.7
"269","Clementi",1991,1.3337,103.7768,2536.6
"270","Clementi",1992,1.3337,103.7768,2369.6
"271","Clementi",1993,1.3337,103.7768,2817.8
"272","Clementi",1994,1.3337,103.7768,2502.8
"273","Clementi",1995,1.3337,103.7768,2787.9
"274","Clementi",1996,1.3337,103.7768,2473.7
"275","Clementi",1997,1.3337,103.7768,1941
"276","Clementi",1998,1.3337,103.7768,3061.4
"277","Clementi",1999,1.3337,103.7768,2778.6
"278","Clementi",2000,1.3337,103.7768,2490
"279","Clementi",2001,1.3337,103.7768,2762.6
"280","Clementi",2002,1.3337,103.7768,2403.2
"281","Clementi",2003,1.3337,103.7768,3094.1
"282","Clementi",2004,1.3337,103.7768,2651.5
"283","Clementi",2005,1.3337,103.7768,2352.5
"284","Clementi",2006,1.3337,103.7768,3400.7
"285","Clementi",2007,1.3337,103.7768,3328.8
"286","Clementi",2008,1.3337,103.7768,2612.3
"287","Clementi",2009,1.3337,103.7768,2056.3
"288","Clementi",2010,1.3337,103.7768,2830.6
"289","Clementi",2011,1.3337,103.7768,3423.2
"290","Clementi",2012,1.3337,103.7768,2851.6
"291","Clementi",2013,1.3337,103.7768,2796.6
"292","Clementi",2014,1.3337,103.7768,2255.8
"293","Clementi",2015,1.3337,103.7768,1813.2
"294","Clementi",2016,1.3337,103.7768,2397
"295","Clementi",2017,1.3337,103.7768,2438.6
"296","Clementi",2018,1.3337,103.7768,2983.1
"297","Clementi",2019,1.3337,103.7768,1738.9
"298","Clementi",2020,1.3337,103.7768,121.8
"299","Dhoby Ghaut",2010,1.2994,103.8461,741.6
"300","Dhoby Ghaut",2011,1.2994,103.8461,2712.8
"301","Dhoby Ghaut",2012,1.2994,103.8461,2232.2
"302","Dhoby Ghaut",2013,1.2994,103.8461,2827.5
"303","Dhoby Ghaut",2014,1.2994,103.8461,2311.2
"304","Dhoby Ghaut",2015,1.2994,103.8461,1919.8
"305","Dhoby Ghaut",2016,1.2994,103.8461,1792.8
"306","Dhoby Ghaut",2017,1.2994,103.8461,2274.6
"307","Dhoby Ghaut",2018,1.2994,103.8461,2270.6
"308","Dhoby Ghaut",2019,1.2994,103.8461,1523.4
"309","Dhoby Ghaut",2020,1.2994,103.8461,147.2
"310","East Coast Parkway",2009,1.3134,103.9619,990.4
"311","East Coast Parkway",2010,1.3134,103.9619,1650.4
"312","East Coast Parkway",2011,1.3134,103.9619,2125.8
"313","East Coast Parkway",2012,1.3134,103.9619,1941.4
"314","East Coast Parkway",2013,1.3134,103.9619,2097.1
"315","East Coast Parkway",2014,1.3134,103.9619,1428.4
"316","East Coast Parkway",2015,1.3134,103.9619,1031
"317","East Coast Parkway",2016,1.3134,103.9619,1646
"318","East Coast Parkway",2017,1.3134,103.9619,2158.2
"319","East Coast Parkway",2018,1.3134,103.9619,1333
"320","East Coast Parkway",2019,1.3134,103.9619,1292.7
"321","East Coast Parkway",2020,1.3134,103.9619,73.4
"322","Jurong (West)",1980,1.3455,103.6806,2670.4
"323","Jurong (West)",1981,1.3455,103.6806,2164.3
"324","Jurong (West)",1982,1.3455,103.6806,2254.3
"325","Jurong (West)",1983,1.3455,103.6806,1966.4
"326","Jurong (West)",1984,1.3455,103.6806,3259.7
"327","Jurong (West)",1985,1.3455,103.6806,2407.7
"328","Jurong (West)",1986,1.3455,103.6806,2305.6
"329","Jurong (West)",1987,1.3455,103.6806,2400.9
"330","Jurong (West)",1988,1.3455,103.6806,2250.3
"331","Jurong (West)",1989,1.3455,103.6806,2046.9
"332","Jurong (West)",1990,1.3455,103.6806,2191.9
"333","Jurong (West)",1991,1.3455,103.6806,2222.4
"334","Jurong (West)",1992,1.3455,103.6806,2747.2
"335","Jurong (West)",1993,1.3455,103.6806,3107
"336","Jurong (West)",1994,1.3455,103.6806,2463.8
"337","Jurong (West)",1995,1.3455,103.6806,3189.9
"338","Jurong (West)",1996,1.3455,103.6806,2176.3
"339","Jurong (West)",1997,1.3455,103.6806,1723.8
"340","Jurong (West)",1998,1.3455,103.6806,2900.7
"341","Jurong (West)",1999,1.3455,103.6806,2654.2
"342","Jurong (West)",2000,1.3455,103.6806,2367.1
"343","Jurong (West)",2001,1.3455,103.6806,3113.1
"344","Jurong (West)",2002,1.3455,103.6806,2499.4
"345","Jurong (West)",2003,1.3455,103.6806,3280.5
"346","Jurong (West)",2004,1.3455,103.6806,2922.3
"347","Jurong (West)",2005,1.3455,103.6806,2742.6
"348","Jurong (West)",2006,1.3455,103.6806,2967.2
"349","Jurong (West)",2007,1.3455,103.6806,3552.6
"350","Jurong (West)",2008,1.3455,103.6806,2564.5
"351","Jurong (West)",2009,1.3455,103.6806,2236.5
"352","Jurong (West)",2010,1.3455,103.6806,2425.2
"353","Jurong (West)",2011,1.3455,103.6806,2900
"354","Jurong (West)",2012,1.3455,103.6806,2541
"355","Jurong (West)",2013,1.3455,103.6806,2392
"356","Jurong (West)",2014,1.3455,103.6806,1070.8
"357","Jurong (West)",2015,1.3455,103.6806,2349
"358","Jurong (West)",2016,1.3455,103.6806,2482
"359","Jurong (West)",2017,1.3455,103.6806,1957.2
"360","Jurong (West)",2018,1.3455,103.6806,2829.4
"361","Jurong (West)",2019,1.3455,103.6806,2077.9
"362","Jurong (West)",2020,1.3455,103.6806,241.8
"363","Jurong Island",2011,1.2542,103.6741,1036.6
"364","Jurong Island",2012,1.2542,103.6741,2246.2
"365","Jurong Island",2013,1.2542,103.6741,2473.6
"366","Jurong Island",2014,1.2542,103.6741,1951.6
"367","Jurong Island",2015,1.2542,103.6741,1799.6
"368","Jurong Island",2016,1.2542,103.6741,2214
"369","Jurong Island",2017,1.2542,103.6741,2326.8
"370","Jurong Island",2018,1.2542,103.6741,2482.2
"371","Jurong Island",2019,1.2542,103.6741,1520
"372","Jurong Island",2020,1.2542,103.6741,283.6
"373","Jurong Pier",1980,1.3081,103.71,2480.2
"374","Jurong Pier",1981,1.3081,103.71,1947.7
"375","Jurong Pier",1982,1.3081,103.71,1938.8
"376","Jurong Pier",1983,1.3081,103.71,1552.8
"377","Jurong Pier",1984,1.3081,103.71,3308.1
"378","Jurong Pier",1985,1.3081,103.71,2289.7
"379","Jurong Pier",1986,1.3081,103.71,2763.7
"380","Jurong Pier",1987,1.3081,103.71,2100.2
"381","Jurong Pier",1988,1.3081,103.71,2550.3
"382","Jurong Pier",1989,1.3081,103.71,2138.8
"383","Jurong Pier",1990,1.3081,103.71,2007.1
"384","Jurong Pier",1991,1.3081,103.71,2453.6
"385","Jurong Pier",1992,1.3081,103.71,2717.7
"386","Jurong Pier",1993,1.3081,103.71,2811.2
"387","Jurong Pier",1994,1.3081,103.71,2223.4
"388","Jurong Pier",1995,1.3081,103.71,3178.4
"389","Jurong Pier",1996,1.3081,103.71,2231.2
"390","Jurong Pier",1997,1.3081,103.71,1524
"391","Jurong Pier",1998,1.3081,103.71,3188.6
"392","Jurong Pier",1999,1.3081,103.71,2554
"393","Jurong Pier",2000,1.3081,103.71,2160.1
"394","Jurong Pier",2001,1.3081,103.71,2602.7
"395","Jurong Pier",2002,1.3081,103.71,2041.2
"396","Jurong Pier",2003,1.3081,103.71,3168.6
"397","Jurong Pier",2004,1.3081,103.71,3019.3
"398","Jurong Pier",2005,1.3081,103.71,2428.7
"399","Jurong Pier",2006,1.3081,103.71,2799.7
"400","Jurong Pier",2007,1.3081,103.71,3436.2
"401","Jurong Pier",2008,1.3081,103.71,2134.2
"402","Jurong Pier",2009,1.3081,103.71,2056.8
"403","Jurong Pier",2010,1.3081,103.71,2663.1
"404","Jurong Pier",2011,1.3081,103.71,3098.2
"405","Jurong Pier",2012,1.3081,103.71,2922.2
"406","Jurong Pier",2013,1.3081,103.71,2711.8
"407","Jurong Pier",2014,1.3081,103.71,2244.9
"408","Jurong Pier",2015,1.3081,103.71,2299.5
"409","Jurong Pier",2016,1.3081,103.71,2926.7
"410","Jurong Pier",2017,1.3081,103.71,2794.8
"411","Jurong Pier",2018,1.3081,103.71,3015.6
"412","Jurong Pier",2019,1.3081,103.71,2199.7
"413","Jurong Pier",2020,1.3081,103.71,209.6
"414","Kent Ridge",2009,1.2923,103.7815,2276.4
"415","Kent Ridge",2010,1.2923,103.7815,2604.4
"416","Kent Ridge",2011,1.2923,103.7815,3207.6
"417","Kent Ridge",2012,1.2923,103.7815,2826.8
"418","Kent Ridge",2013,1.2923,103.7815,2639.2
"419","Kent Ridge",2014,1.2923,103.7815,2220
"420","Kent Ridge",2015,1.2923,103.7815,1764.2
"421","Kent Ridge",2016,1.2923,103.7815,2561.2
"422","Kent Ridge",2017,1.2923,103.7815,2487.4
"423","Kent Ridge",2018,1.2923,103.7815,2542.2
"424","Kent Ridge",2019,1.2923,103.7815,939
"425","Kent Ridge",2020,1.2923,103.7815,198
"426","Khatib",2010,1.4173,103.8249,632.4
"427","Khatib",2011,1.4173,103.8249,3271.6
"428","Khatib",2012,1.4173,103.8249,3027.9
"429","Khatib",2013,1.4173,103.8249,3020.5
"430","Khatib",2014,1.4173,103.8249,2298.3
"431","Khatib",2015,1.4173,103.8249,1956
"432","Khatib",2016,1.4173,103.8249,2132.6
"433","Khatib",2017,1.4173,103.8249,2419.1
"434","Khatib",2018,1.4173,103.8249,2717.8
"435","Khatib",2019,1.4173,103.8249,1900.3
"436","Khatib",2020,1.4173,103.8249,123.5
"437","Kranji Reservoir",1980,1.4387,103.7363,2576.6
"438","Kranji Reservoir",1981,1.4387,103.7363,2032.1
"439","Kranji Reservoir",1982,1.4387,103.7363,2078.4
"440","Kranji Reservoir",1983,1.4387,103.7363,1790
"441","Kranji Reservoir",1984,1.4387,103.7363,3001.4
"442","Kranji Reservoir",1985,1.4387,103.7363,2562.4
"443","Kranji Reservoir",1986,1.4387,103.7363,2227.8
"444","Kranji Reservoir",1987,1.4387,103.7363,2665
"445","Kranji Reservoir",1988,1.4387,103.7363,2650.6
"446","Kranji Reservoir",1989,1.4387,103.7363,2358.4
"447","Kranji Reservoir",1990,1.4387,103.7363,1917.2
"448","Kranji Reservoir",1991,1.4387,103.7363,2390.7
"449","Kranji Reservoir",1992,1.4387,103.7363,1837
"450","Kranji Reservoir",1993,1.4387,103.7363,2533.1
"451","Kranji Reservoir",1994,1.4387,103.7363,2230
"452","Kranji Reservoir",1995,1.4387,103.7363,2892.5
"453","Kranji Reservoir",1996,1.4387,103.7363,2425.5
"454","Kranji Reservoir",1997,1.4387,103.7363,2249.3
"455","Kranji Reservoir",1998,1.4387,103.7363,2655
"456","Kranji Reservoir",1999,1.4387,103.7363,2758.7
"457","Kranji Reservoir",2000,1.4387,103.7363,2811.1
"458","Kranji Reservoir",2001,1.4387,103.7363,2669.8
"459","Kranji Reservoir",2002,1.4387,103.7363,2501
"460","Kranji Reservoir",2003,1.4387,103.7363,2605.9
"461","Kranji Reservoir",2004,1.4387,103.7363,2691.6
"462","Kranji Reservoir",2005,1.4387,103.7363,2775.8
"463","Kranji Reservoir",2006,1.4387,103.7363,3468
"464","Kranji Reservoir",2007,1.4387,103.7363,3293.8
"465","Kranji Reservoir",2008,1.4387,103.7363,2636.9
"466","Kranji Reservoir",2009,1.4387,103.7363,2005.9
"467","Kranji Reservoir",2010,1.4387,103.7363,3001.4
"468","Kranji Reservoir",2011,1.4387,103.7363,3321.2
"469","Kranji Reservoir",2012,1.4387,103.7363,2709.2
"470","Kranji Reservoir",2013,1.4387,103.7363,2323
"471","Kranji Reservoir",2014,1.4387,103.7363,2460.7
"472","Kranji Reservoir",2015,1.4387,103.7363,2050.8
"473","Kranji Reservoir",2016,1.4387,103.7363,1965.4
"474","Kranji Reservoir",2017,1.4387,103.7363,2419
"475","Kranji Reservoir",2018,1.4387,103.7363,2585
"476","Kranji Reservoir",2019,1.4387,103.7363,1920.6
"477","Kranji Reservoir",2020,1.4387,103.7363,203.6
"478","Lim Chu Kang",2010,1.4385,103.7013,2626.6
"479","Lim Chu Kang",2011,1.4385,103.7013,2859
"480","Lim Chu Kang",2012,1.4385,103.7013,2470.2
"481","Lim Chu Kang",2013,1.4385,103.7013,2433.4
"482","Lim Chu Kang",2014,1.4385,103.7013,1987
"483","Lim Chu Kang",2015,1.4385,103.7013,1803
"484","Lim Chu Kang",2016,1.4385,103.7013,2204.4
"485","Lim Chu Kang",2017,1.4385,103.7013,1780.6
"486","Lim Chu Kang",2018,1.4385,103.7013,2651.8
"487","Lim Chu Kang",2019,1.4385,103.7013,1490.9
"488","Lim Chu Kang",2020,1.4385,103.7013,88.8
"489","Lower Peirce Reservoir",2010,1.3701,103.8271,3175.7
"490","Lower Peirce Reservoir",2011,1.3701,103.8271,3303.8
"491","Lower Peirce Reservoir",2012,1.3701,103.8271,2685.7
"492","Lower Peirce Reservoir",2013,1.3701,103.8271,3043.2
"493","Lower Peirce Reservoir",2014,1.3701,103.8271,2089.8
"494","Lower Peirce Reservoir",2015,1.3701,103.8271,2057.9
"495","Lower Peirce Reservoir",2016,1.3701,103.8271,1987.9
"496","Lower Peirce Reservoir",2017,1.3701,103.8271,2239.6
"497","Lower Peirce Reservoir",2018,1.3701,103.8271,2849.7
"498","Lower Peirce Reservoir",2019,1.3701,103.8271,2028.8
"499","Lower Peirce Reservoir",2020,1.3701,103.8271,125.8
"500","Macritchie Reservoir",1980,1.3417,103.8338,2511.1
"501","Macritchie Reservoir",1981,1.3417,103.8338,1984.2
"502","Macritchie Reservoir",1982,1.3417,103.8338,2100.2
"503","Macritchie Reservoir",1983,1.3417,103.8338,1481.8
"504","Macritchie Reservoir",1984,1.3417,103.8338,2960.5
"505","Macritchie Reservoir",1985,1.3417,103.8338,2605.6
"506","Macritchie Reservoir",1986,1.3417,103.8338,2615.3
"507","Macritchie Reservoir",1987,1.3417,103.8338,2509.8
"508","Macritchie Reservoir",1988,1.3417,103.8338,2549.8
"509","Macritchie Reservoir",1989,1.3417,103.8338,2688.1
"510","Macritchie Reservoir",1990,1.3417,103.8338,2139.3
"511","Macritchie Reservoir",1991,1.3417,103.8338,2171.5
"512","Macritchie Reservoir",1992,1.3417,103.8338,2775.9
"513","Macritchie Reservoir",1993,1.3417,103.8338,2803.6
"514","Macritchie Reservoir",1994,1.3417,103.8338,2807.5
"515","Macritchie Reservoir",1995,1.3417,103.8338,2683.1
"516","Macritchie Reservoir",1996,1.3417,103.8338,2517.4
"517","Macritchie Reservoir",1997,1.3417,103.8338,1987.5
"518","Macritchie Reservoir",1998,1.3417,103.8338,3167.4
"519","Macritchie Reservoir",1999,1.3417,103.8338,2731.8
"520","Macritchie Reservoir",2000,1.3417,103.8338,2702.8
"521","Macritchie Reservoir",2001,1.3417,103.8338,2855
"522","Macritchie Reservoir",2002,1.3417,103.8338,2272.3
"523","Macritchie Reservoir",2003,1.3417,103.8338,3237.4
"524","Macritchie Reservoir",2004,1.3417,103.8338,2782
"525","Macritchie Reservoir",2005,1.3417,103.8338,2504
"526","Macritchie Reservoir",2006,1.3417,103.8338,3155.3
"527","Macritchie Reservoir",2007,1.3417,103.8338,3321.3
"528","Macritchie Reservoir",2008,1.3417,103.8338,2897.9
"529","Macritchie Reservoir",2009,1.3417,103.8338,2413.6
"530","Macritchie Reservoir",2010,1.3417,103.8338,2963.8
"531","Macritchie Reservoir",2011,1.3417,103.8338,3047.8
"532","Macritchie Reservoir",2012,1.3417,103.8338,2887
"533","Macritchie Reservoir",2013,1.3417,103.8338,3029.8
"534","Macritchie Reservoir",2014,1.3417,103.8338,1851.4
"535","Macritchie Reservoir",2015,1.3417,103.8338,1729.2
"536","Macritchie Reservoir",2016,1.3417,103.8338,2289.4
"537","Macritchie Reservoir",2017,1.3417,103.8338,2434.6
"538","Macritchie Reservoir",2018,1.3417,103.8338,2699.4
"539","Macritchie Reservoir",2019,1.3417,103.8338,1618.6
"540","Macritchie Reservoir",2020,1.3417,103.8338,103.2
"541","Mandai",1980,1.4036,103.7898,2934.4
"542","Mandai",1981,1.4036,103.7898,1825.3
"543","Mandai",1982,1.4036,103.7898,1991.3
"544","Mandai",1983,1.4036,103.7898,1399.2
"545","Mandai",1984,1.4036,103.7898,3057.9
"546","Mandai",1985,1.4036,103.7898,2567.5
"547","Mandai",1986,1.4036,103.7898,2771.4
"548","Mandai",1987,1.4036,103.7898,2423.2
"549","Mandai",1988,1.4036,103.7898,2515.3
"550","Mandai",1989,1.4036,103.7898,2354.1
"551","Mandai",1990,1.4036,103.7898,1973.2
"552","Mandai",1991,1.4036,103.7898,2613.7
"553","Mandai",1992,1.4036,103.7898,3026
"554","Mandai",1993,1.4036,103.7898,2518.8
"555","Mandai",1994,1.4036,103.7898,2687.1
"556","Mandai",1995,1.4036,103.7898,2804.5
"557","Mandai",1996,1.4036,103.7898,2698.5
"558","Mandai",1997,1.4036,103.7898,2270.8
"559","Mandai",1998,1.4036,103.7898,2814.8
"560","Mandai",1999,1.4036,103.7898,2810.6
"561","Mandai",2000,1.4036,103.7898,2568.8
"562","Mandai",2001,1.4036,103.7898,2590.2
"563","Mandai",2002,1.4036,103.7898,2406.7
"564","Mandai",2003,1.4036,103.7898,2896.9
"565","Mandai",2004,1.4036,103.7898,2868.4
"566","Mandai",2005,1.4036,103.7898,2745.8
"567","Mandai",2006,1.4036,103.7898,3401.1
"568","Mandai",2007,1.4036,103.7898,3567.2
"569","Mandai",2008,1.4036,103.7898,2682.6
"570","Mandai",2009,1.4036,103.7898,1966.9
"571","Mandai",2010,1.4036,103.7898,2973.3
"572","Mandai",2011,1.4036,103.7898,40.4
"573","Mandai",2013,1.4036,103.7898,2824.8
"574","Mandai",2014,1.4036,103.7898,2393
"575","Mandai",2015,1.4036,103.7898,2145.8
"576","Mandai",2016,1.4036,103.7898,2291.6
"577","Mandai",2017,1.4036,103.7898,2853.6
"578","Mandai",2018,1.4036,103.7898,2756.2
"579","Mandai",2019,1.4036,103.7898,2006
"580","Mandai",2020,1.4036,103.7898,112.4
"581","Marina Barrage",2010,1.2799,103.8703,1112
"582","Marina Barrage",2011,1.2799,103.8703,2374
"583","Marina Barrage",2012,1.2799,103.8703,2076.8
"584","Marina Barrage",2013,1.2799,103.8703,2372
"585","Marina Barrage",2014,1.2799,103.8703,2057.8
"586","Marina Barrage",2015,1.2799,103.8703,1514.8
"587","Marina Barrage",2016,1.2799,103.8703,1959.6
"588","Marina Barrage",2017,1.2799,103.8703,1918.8
"589","Marina Barrage",2018,1.2799,103.8703,1624.2
"590","Marina Barrage",2019,1.2799,103.8703,950.8
"591","Marina Barrage",2020,1.2799,103.8703,38.6
"592","Marine Parade",2009,1.3065,103.9107,1081.6
"593","Marine Parade",2010,1.3065,103.9107,2411.6
"594","Marine Parade",2011,1.3065,103.9107,2369.4
"595","Marine Parade",2012,1.3065,103.9107,2054.8
"596","Marine Parade",2013,1.3065,103.9107,2010.6
"597","Marine Parade",2014,1.3065,103.9107,1667.6
"598","Marine Parade",2015,1.3065,103.9107,1112.6
"599","Marine Parade",2016,1.3065,103.9107,1434.2
"600","Marine Parade",2017,1.3065,103.9107,2038
"601","Marine Parade",2018,1.3065,103.9107,1685.4
"602","Marine Parade",2019,1.3065,103.9107,1458.6
"603","Marine Parade",2020,1.3065,103.9107,167.4
"604","Newton",2009,1.3106,103.8365,469.4
"605","Newton",2010,1.3106,103.8365,2556
"606","Newton",2011,1.3106,103.8365,2748
"607","Newton",2012,1.3106,103.8365,2423.4
"608","Newton",2013,1.3106,103.8365,2780.6
"609","Newton",2014,1.3106,103.8365,2204.6
"610","Newton",2015,1.3106,103.8365,1825.6
"611","Newton",2016,1.3106,103.8365,1355
"612","Newton",2017,1.3106,103.8365,2046.4
"613","Newton",2018,1.3106,103.8365,2451.8
"614","Newton",2019,1.3106,103.8365,1588.4
"615","Newton",2020,1.3106,103.8365,145.2
"616","Nicoll Highway",2010,1.3011,103.8666,586.8
"617","Nicoll Highway",2011,1.3011,103.8666,2662.6
"618","Nicoll Highway",2012,1.3011,103.8666,2171.4
"619","Nicoll Highway",2013,1.3011,103.8666,2606.2
"620","Nicoll Highway",2014,1.3011,103.8666,2257.6
"621","Nicoll Highway",2015,1.3011,103.8666,1884.6
"622","Nicoll Highway",2016,1.3011,103.8666,2137.2
"623","Nicoll Highway",2017,1.3011,103.8666,2378.8
"624","Nicoll Highway",2018,1.3011,103.8666,1965.8
"625","Nicoll Highway",2019,1.3011,103.8666,1678.2
"626","Nicoll Highway",2020,1.3011,103.8666,140.6
"627","Pasir Panjang",2010,1.281,103.754,1986.2
"628","Pasir Panjang",2011,1.281,103.754,2678.4
"629","Pasir Panjang",2012,1.281,103.754,2605.4
"630","Pasir Panjang",2013,1.281,103.754,2500.8
"631","Pasir Panjang",2014,1.281,103.754,1810.6
"632","Pasir Panjang",2015,1.281,103.754,1626.4
"633","Pasir Panjang",2016,1.281,103.754,2031
"634","Pasir Panjang",2017,1.281,103.754,2079.6
"635","Pasir Panjang",2018,1.281,103.754,2254.2
"636","Pasir Panjang",2019,1.281,103.754,1611.6
"637","Pasir Panjang",2020,1.281,103.754,177.2
"638","Pasir Ris (Central)",2010,1.3679,103.9489,2152.4
"639","Pasir Ris (Central)",2011,1.3679,103.9489,2888.2
"640","Pasir Ris (Central)",2012,1.3679,103.9489,2293.2
"641","Pasir Ris (Central)",2013,1.3679,103.9489,2739
"642","Pasir Ris (Central)",2014,1.3679,103.9489,1792.4
"643","Pasir Ris (Central)",2015,1.3679,103.9489,1313.4
"644","Pasir Ris (Central)",2016,1.3679,103.9489,1643.4
"645","Pasir Ris (Central)",2017,1.3679,103.9489,2462
"646","Pasir Ris (Central)",2018,1.3679,103.9489,1884.8
"647","Pasir Ris (Central)",2019,1.3679,103.9489,1374.6
"648","Pasir Ris (Central)",2020,1.3679,103.9489,91.6
"649","Pasir Ris (West)",1980,1.3863,103.9412,2418.5
"650","Pasir Ris (West)",1981,1.3863,103.9412,1429.3
"651","Pasir Ris (West)",1982,1.3863,103.9412,1747.5
"652","Pasir Ris (West)",1983,1.3863,103.9412,1719.3
"653","Pasir Ris (West)",1984,1.3863,103.9412,2791.7
"654","Pasir Ris (West)",1985,1.3863,103.9412,2158.8
"655","Pasir Ris (West)",1986,1.3863,103.9412,2164
"656","Pasir Ris (West)",1987,1.3863,103.9412,2105.6
"657","Pasir Ris (West)",1988,1.3863,103.9412,2359.7
"658","Pasir Ris (West)",1989,1.3863,103.9412,2588.2
"659","Pasir Ris (West)",1990,1.3863,103.9412,1581.7
"660","Pasir Ris (West)",1991,1.3863,103.9412,1980.7
"661","Pasir Ris (West)",1992,1.3863,103.9412,2278.4
"662","Pasir Ris (West)",1993,1.3863,103.9412,2522.2
"663","Pasir Ris (West)",1994,1.3863,103.9412,2143.6
"664","Pasir Ris (West)",1995,1.3863,103.9412,2493.8
"665","Pasir Ris (West)",1996,1.3863,103.9412,2722.6
"666","Pasir Ris (West)",1997,1.3863,103.9412,1210
"667","Pasir Ris (West)",1998,1.3863,103.9412,2633.5
"668","Pasir Ris (West)",1999,1.3863,103.9412,2405.4
"669","Pasir Ris (West)",2000,1.3863,103.9412,2270.3
"670","Pasir Ris (West)",2001,1.3863,103.9412,2565.6
"671","Pasir Ris (West)",2002,1.3863,103.9412,2104.8
"672","Pasir Ris (West)",2003,1.3863,103.9412,2554
"673","Pasir Ris (West)",2004,1.3863,103.9412,2188.2
"674","Pasir Ris (West)",2005,1.3863,103.9412,2331.4
"675","Pasir Ris (West)",2006,1.3863,103.9412,3229
"676","Pasir Ris (West)",2007,1.3863,103.9412,3226.9
"677","Pasir Ris (West)",2008,1.3863,103.9412,2595.5
"678","Pasir Ris (West)",2009,1.3863,103.9412,1833.3
"679","Pasir Ris (West)",2010,1.3863,103.9412,2139.1
"680","Pasir Ris (West)",2011,1.3863,103.9412,2775.9
"681","Pasir Ris (West)",2012,1.3863,103.9412,2459.4
"682","Pasir Ris (West)",2013,1.3863,103.9412,2630.4
"683","Pasir Ris (West)",2014,1.3863,103.9412,1684.6
"684","Pasir Ris (West)",2015,1.3863,103.9412,895.1
"685","Pasir Ris (West)",2016,1.3863,103.9412,988.2
"686","Pasir Ris (West)",2017,1.3863,103.9412,2217.8
"687","Pasir Ris (West)",2018,1.3863,103.9412,1682.2
"688","Pasir Ris (West)",2019,1.3863,103.9412,1588.5
"689","Pasir Ris (West)",2020,1.3863,103.9412,123
"690","Paya Lebar",1980,1.3524,103.9007,2325.7
"691","Paya Lebar",1981,1.3524,103.9007,1521
"692","Paya Lebar",1982,1.3524,103.9007,1749.6
"693","Paya Lebar",1983,1.3524,103.9007,1831
"694","Paya Lebar",1984,1.3524,103.9007,2883.2
"695","Paya Lebar",1985,1.3524,103.9007,2453.5
"696","Paya Lebar",1986,1.3524,103.9007,2289.1
"697","Paya Lebar",1987,1.3524,103.9007,2259.6
"698","Paya Lebar",1988,1.3524,103.9007,2714.9
"699","Paya Lebar",1989,1.3524,103.9007,2605.7
"700","Paya Lebar",1990,1.3524,103.9007,1746.7
"701","Paya Lebar",1991,1.3524,103.9007,2038.2
"702","Paya Lebar",1992,1.3524,103.9007,2312.5
"703","Paya Lebar",1993,1.3524,103.9007,2817.6
"704","Paya Lebar",1994,1.3524,103.9007,2314.7
"705","Paya Lebar",1995,1.3524,103.9007,2518.5
"706","Paya Lebar",1996,1.3524,103.9007,2913
"707","Paya Lebar",1997,1.3524,103.9007,1394.7
"708","Paya Lebar",1998,1.3524,103.9007,2784.5
"709","Paya Lebar",1999,1.3524,103.9007,2792.7
"710","Paya Lebar",2000,1.3524,103.9007,2615.4
"711","Paya Lebar",2001,1.3524,103.9007,2540.9
"712","Paya Lebar",2002,1.3524,103.9007,2063.9
"713","Paya Lebar",2003,1.3524,103.9007,2649.7
"714","Paya Lebar",2004,1.3524,103.9007,2491.3
"715","Paya Lebar",2005,1.3524,103.9007,2079.9
"716","Paya Lebar",2006,1.3524,103.9007,2887.1
"717","Paya Lebar",2007,1.3524,103.9007,2819
"718","Paya Lebar",2008,1.3524,103.9007,2716
"719","Paya Lebar",2009,1.3524,103.9007,1971.8
"720","Paya Lebar",2010,1.3524,103.9007,2725.1
"721","Paya Lebar",2011,1.3524,103.9007,3183.3
"722","Paya Lebar",2012,1.3524,103.9007,2555.4
"723","Paya Lebar",2013,1.3524,103.9007,3271.6
"724","Paya Lebar",2014,1.3524,103.9007,2056.5
"725","Paya Lebar",2015,1.3524,103.9007,1576.8
"726","Paya Lebar",2016,1.3524,103.9007,2204.5
"727","Paya Lebar",2017,1.3524,103.9007,2890
"728","Paya Lebar",2018,1.3524,103.9007,2400.1
"729","Paya Lebar",2019,1.3524,103.9007,1901.2
"730","Paya Lebar",2020,1.3524,103.9007,159.2
"731","Pulau Ubin",2009,1.4168,103.9673,1915.8
"732","Pulau Ubin",2010,1.4168,103.9673,2133.6
"733","Pulau Ubin",2011,1.4168,103.9673,2371
"734","Pulau Ubin",2012,1.4168,103.9673,2354.5
"735","Pulau Ubin",2013,1.4168,103.9673,1829.4
"736","Pulau Ubin",2014,1.4168,103.9673,1553.7
"737","Pulau Ubin",2015,1.4168,103.9673,1279
"738","Pulau Ubin",2016,1.4168,103.9673,1934.2
"739","Pulau Ubin",2017,1.4168,103.9673,2399
"740","Pulau Ubin",2018,1.4168,103.9673,2072
"741","Pulau Ubin",2019,1.4168,103.9673,1403
"742","Pulau Ubin",2020,1.4168,103.9673,133.6
"743","Punggol",2009,1.4029,103.9092,1271.4
"744","Punggol",2010,1.4029,103.9092,2648.7
"745","Punggol",2011,1.4029,103.9092,2775.8
"746","Punggol",2012,1.4029,103.9092,2508.2
"747","Punggol",2013,1.4029,103.9092,2814.8
"748","Punggol",2014,1.4029,103.9092,1800.2
"749","Punggol",2015,1.4029,103.9092,1465
"750","Punggol",2016,1.4029,103.9092,2020.2
"751","Punggol",2017,1.4029,103.9092,2644.8
"752","Punggol",2018,1.4029,103.9092,2444.4
"753","Punggol",2019,1.4029,103.9092,1837.6
"754","Punggol",2020,1.4029,103.9092,153
"755","Queenstown",1980,1.2937,103.8125,1388.9
"756","Queenstown",1981,1.2937,103.8125,483.3
"757","Queenstown",1982,1.2937,103.8125,1363.8
"758","Queenstown",1983,1.2937,103.8125,1620.5
"759","Queenstown",1984,1.2937,103.8125,3079.5
"760","Queenstown",1985,1.2937,103.8125,2491.9
"761","Queenstown",1986,1.2937,103.8125,2669.7
"762","Queenstown",1987,1.2937,103.8125,2449.3
"763","Queenstown",1988,1.2937,103.8125,2612.6
"764","Queenstown",1989,1.2937,103.8125,2390
"765","Queenstown",1990,1.2937,103.8125,1885.7
"766","Queenstown",1991,1.2937,103.8125,1938.5
"767","Queenstown",1992,1.2937,103.8125,2472.2
"768","Queenstown",1993,1.2937,103.8125,2899.2
"769","Queenstown",1994,1.2937,103.8125,2561.7
"770","Queenstown",1995,1.2937,103.8125,2922.2
"771","Queenstown",1996,1.2937,103.8125,2209.8
"772","Queenstown",1997,1.2937,103.8125,1601.3
"773","Queenstown",1998,1.2937,103.8125,2933.3
"774","Queenstown",1999,1.2937,103.8125,2472.7
"775","Queenstown",2000,1.2937,103.8125,2423.6
"776","Queenstown",2001,1.2937,103.8125,2229
"777","Queenstown",2002,1.2937,103.8125,2236.4
"778","Queenstown",2003,1.2937,103.8125,2905.1
"779","Queenstown",2004,1.2937,103.8125,2961.6
"780","Queenstown",2005,1.2937,103.8125,2185.6
"781","Queenstown",2006,1.2937,103.8125,2552.6
"782","Queenstown",2007,1.2937,103.8125,2859.5
"783","Queenstown",2008,1.2937,103.8125,2856.6
"784","Queenstown",2009,1.2937,103.8125,2129.2
"785","Queenstown",2010,1.2937,103.8125,2537.8
"786","Queenstown",2011,1.2937,103.8125,2899.8
"787","Queenstown",2012,1.2937,103.8125,2402.6
"788","Queenstown",2013,1.2937,103.8125,2638.1
"789","Queenstown",2014,1.2937,103.8125,2212.4
"790","Queenstown",2015,1.2937,103.8125,1637.2
"791","Queenstown",2016,1.2937,103.8125,2378
"792","Queenstown",2017,1.2937,103.8125,2511.2
"793","Queenstown",2018,1.2937,103.8125,2381.8
"794","Queenstown",2019,1.2937,103.8125,1651.8
"795","Queenstown",2020,1.2937,103.8125,170.8
"796","Seletar",1980,1.4166,103.8654,2937.7
"797","Seletar",1981,1.4166,103.8654,1683.1
"798","Seletar",1982,1.4166,103.8654,2014.7
"799","Seletar",1983,1.4166,103.8654,1748.4
"800","Seletar",1984,1.4166,103.8654,2991.7
"801","Seletar",1985,1.4166,103.8654,2369.9
"802","Seletar",1986,1.4166,103.8654,2227.7
"803","Seletar",1987,1.4166,103.8654,2187.7
"804","Seletar",1988,1.4166,103.8654,2451.5
"805","Seletar",1989,1.4166,103.8654,2851.2
"806","Seletar",1990,1.4166,103.8654,1841.2
"807","Seletar",1991,1.4166,103.8654,1956.6
"808","Seletar",1992,1.4166,103.8654,2495.8
"809","Seletar",1993,1.4166,103.8654,2678.1
"810","Seletar",1994,1.4166,103.8654,2816.6
"811","Seletar",1995,1.4166,103.8654,2732.1
"812","Seletar",1996,1.4166,103.8654,2933.3
"813","Seletar",1997,1.4166,103.8654,1554.9
"814","Seletar",1998,1.4166,103.8654,2490.7
"815","Seletar",1999,1.4166,103.8654,2595.4
"816","Seletar",2000,1.4166,103.8654,3062.5
"817","Seletar",2001,1.4166,103.8654,2860.4
"818","Seletar",2002,1.4166,103.8654,2094.6
"819","Seletar",2003,1.4166,103.8654,2733.7
"820","Seletar",2004,1.4166,103.8654,2709.5
"821","Seletar",2005,1.4166,103.8654,2654.4
"822","Seletar",2006,1.4166,103.8654,3016.7
"823","Seletar",2007,1.4166,103.8654,3361.1
"824","Seletar",2008,1.4166,103.8654,2616.6
"825","Seletar",2009,1.4166,103.8654,2175
"826","Seletar",2010,1.4166,103.8654,2896.5
"827","Seletar",2011,1.4166,103.8654,3382.8
"828","Seletar",2012,1.4166,103.8654,3033.6
"829","Seletar",2013,1.4166,103.8654,3474.8
"830","Seletar",2014,1.4166,103.8654,2020.5
"831","Seletar",2015,1.4166,103.8654,1856.8
"832","Seletar",2016,1.4166,103.8654,2184.1
"833","Seletar",2017,1.4166,103.8654,2890.3
"834","Seletar",2018,1.4166,103.8654,2817.2
"835","Seletar",2019,1.4166,103.8654,1725.1
"836","Seletar",2020,1.4166,103.8654,112.2
"837","Sembawang",1991,1.4252,103.8202,2376.7
"838","Sembawang",1992,1.4252,103.8202,2625.4
"839","Sembawang",1993,1.4252,103.8202,2365.3
"840","Sembawang",1994,1.4252,103.8202,2518.3
"841","Sembawang",1995,1.4252,103.8202,2843.9
"842","Sembawang",1996,1.4252,103.8202,2681.9
"843","Sembawang",1997,1.4252,103.8202,2018.2
"844","Sembawang",1998,1.4252,103.8202,2408.5
"845","Sembawang",1999,1.4252,103.8202,2580.6
"846","Sembawang",2000,1.4252,103.8202,2843.2
"847","Sembawang",2001,1.4252,103.8202,2692
"848","Sembawang",2002,1.4252,103.8202,2441.5
"849","Sembawang",2003,1.4252,103.8202,2622.6
"850","Sembawang",2004,1.4252,103.8202,2689.7
"851","Sembawang",2005,1.4252,103.8202,2745.6
"852","Sembawang",2006,1.4252,103.8202,3639.6
"853","Sembawang",2007,1.4252,103.8202,3542.3
"854","Sembawang",2008,1.4252,103.8202,2885.8
"855","Sembawang",2009,1.4252,103.8202,2234.4
"856","Sembawang",2010,1.4252,103.8202,2837
"857","Sembawang",2011,1.4252,103.8202,3409
"858","Sembawang",2012,1.4252,103.8202,3277.1
"859","Sembawang",2013,1.4252,103.8202,3236.7
"860","Sembawang",2014,1.4252,103.8202,2548.4
"861","Sembawang",2015,1.4252,103.8202,2000.3
"862","Sembawang",2016,1.4252,103.8202,2213.5
"863","Sembawang",2017,1.4252,103.8202,3118.5
"864","Sembawang",2018,1.4252,103.8202,2750.9
"865","Sembawang",2019,1.4252,103.8202,2069.3
"866","Sembawang",2020,1.4252,103.8202,110.5
"867","Sentosa Island",1980,1.25,103.8279,2282.7
"868","Sentosa Island",1981,1.25,103.8279,2039.3
"869","Sentosa Island",1982,1.25,103.8279,1872.6
"870","Sentosa Island",1983,1.25,103.8279,1672.7
"871","Sentosa Island",1984,1.25,103.8279,2792.2
"872","Sentosa Island",1985,1.25,103.8279,2088.5
"873","Sentosa Island",1986,1.25,103.8279,2123.3
"874","Sentosa Island",1987,1.25,103.8279,1975
"875","Sentosa Island",1988,1.25,103.8279,2630.1
"876","Sentosa Island",1989,1.25,103.8279,2093.5
"877","Sentosa Island",1990,1.25,103.8279,2007.9
"878","Sentosa Island",1991,1.25,103.8279,1759.1
"879","Sentosa Island",1992,1.25,103.8279,2489.6
"880","Sentosa Island",1993,1.25,103.8279,2345
"881","Sentosa Island",1994,1.25,103.8279,2210.6
"882","Sentosa Island",1995,1.25,103.8279,2270.4
"883","Sentosa Island",1996,1.25,103.8279,1949.3
"884","Sentosa Island",1997,1.25,103.8279,1272.4
"885","Sentosa Island",1998,1.25,103.8279,2583.3
"886","Sentosa Island",1999,1.25,103.8279,2322.7
"887","Sentosa Island",2000,1.25,103.8279,2415.4
"888","Sentosa Island",2001,1.25,103.8279,2316.6
"889","Sentosa Island",2002,1.25,103.8279,1821.3
"890","Sentosa Island",2003,1.25,103.8279,2492
"891","Sentosa Island",2004,1.25,103.8279,2123.4
"892","Sentosa Island",2005,1.25,103.8279,2455.3
"893","Sentosa Island",2006,1.25,103.8279,2548.4
"894","Sentosa Island",2007,1.25,103.8279,2908.4
"895","Sentosa Island",2008,1.25,103.8279,2643.8
"896","Sentosa Island",2009,1.25,103.8279,1748
"897","Sentosa Island",2010,1.25,103.8279,2431.9
"898","Sentosa Island",2011,1.25,103.8279,2711
"899","Sentosa Island",2012,1.25,103.8279,2078.6
"900","Sentosa Island",2013,1.25,103.8279,2674.4
"901","Sentosa Island",2014,1.25,103.8279,2118.6
"902","Sentosa Island",2015,1.25,103.8279,1576.2
"903","Sentosa Island",2016,1.25,103.8279,1799.2
"904","Sentosa Island",2017,1.25,103.8279,1860.2
"905","Sentosa Island",2018,1.25,103.8279,1945.2
"906","Sentosa Island",2019,1.25,103.8279,1315.8
"907","Sentosa Island",2020,1.25,103.8279,191.4
"908","Serangoon",1980,1.3382,103.8657,2562.7
"909","Serangoon",1981,1.3382,103.8657,1895.8
"910","Serangoon",1982,1.3382,103.8657,1855.8
"911","Serangoon",1983,1.3382,103.8657,1764.4
"912","Serangoon",1984,1.3382,103.8657,2537.4
"913","Serangoon",1985,1.3382,103.8657,2537.1
"914","Serangoon",1986,1.3382,103.8657,2186
"915","Serangoon",1987,1.3382,103.8657,2383.6
"916","Serangoon",1988,1.3382,103.8657,2489.2
"917","Serangoon",1989,1.3382,103.8657,2759.2
"918","Serangoon",1990,1.3382,103.8657,1921.2
"919","Serangoon",1991,1.3382,103.8657,2122.8
"920","Serangoon",1992,1.3382,103.8657,2758.5
"921","Serangoon",1993,1.3382,103.8657,2792.3
"922","Serangoon",1994,1.3382,103.8657,2607.3
"923","Serangoon",1995,1.3382,103.8657,2458.5
"924","Serangoon",1996,1.3382,103.8657,2975.2
"925","Serangoon",1997,1.3382,103.8657,1538.6
"926","Serangoon",1998,1.3382,103.8657,2910.2
"927","Serangoon",1999,1.3382,103.8657,2672.6
"928","Serangoon",2000,1.3382,103.8657,2677.8
"929","Serangoon",2001,1.3382,103.8657,2606
"930","Serangoon",2002,1.3382,103.8657,2244.7
"931","Serangoon",2003,1.3382,103.8657,2790
"932","Serangoon",2004,1.3382,103.8657,2837.5
"933","Serangoon",2005,1.3382,103.8657,2400.4
"934","Serangoon",2006,1.3382,103.8657,3005.8
"935","Serangoon",2007,1.3382,103.8657,3184.8
"936","Serangoon",2008,1.3382,103.8657,2791.3
"937","Serangoon",2009,1.3382,103.8657,2332.2
"938","Serangoon",2010,1.3382,103.8657,2663.1
"939","Serangoon",2011,1.3382,103.8657,3144
"940","Serangoon",2012,1.3382,103.8657,2917.6
"941","Serangoon",2013,1.3382,103.8657,3145.3
"942","Serangoon",2014,1.3382,103.8657,2268.6
"943","Serangoon",2015,1.3382,103.8657,1583.7
"944","Serangoon",2016,1.3382,103.8657,2491.8
"945","Serangoon",2017,1.3382,103.8657,1742.2
"946","Serangoon",2018,1.3382,103.8657,1592
"947","Serangoon",2019,1.3382,103.8657,532
"948","Serangoon",2020,1.3382,103.8657,15
"949","Simei",2009,1.3437,103.9444,1182.2
"950","Simei",2010,1.3437,103.9444,2192.5
"951","Simei",2011,1.3437,103.9444,2743.2
"952","Simei",2012,1.3437,103.9444,2214.6
"953","Simei",2013,1.3437,103.9444,2547
"954","Simei",2014,1.3437,103.9444,1621.6
"955","Simei",2015,1.3437,103.9444,1344.6
"956","Simei",2016,1.3437,103.9444,1138.8
"957","Simei",2017,1.3437,103.9444,2261.6
"958","Simei",2018,1.3437,103.9444,1399.9
"959","Simei",2019,1.3437,103.9444,937.9
"960","Simei",2020,1.3437,103.9444,28.7
"961","Somerset (Road)",2011,1.3004,103.8372,2207.4
"962","Somerset (Road)",2012,1.3004,103.8372,2212.4
"963","Somerset (Road)",2013,1.3004,103.8372,2689.6
"964","Somerset (Road)",2014,1.3004,103.8372,2114
"965","Somerset (Road)",2015,1.3004,103.8372,1808
"966","Somerset (Road)",2016,1.3004,103.8372,2024.2
"967","Somerset (Road)",2017,1.3004,103.8372,2370
"968","Somerset (Road)",2018,1.3004,103.8372,2191.4
"969","Somerset (Road)",2019,1.3004,103.8372,1474.6
"970","Somerset (Road)",2020,1.3004,103.8372,134.8
"971","Tai Seng",1980,1.3399,103.8878,2557.2
"972","Tai Seng",1981,1.3399,103.8878,1663.5
"973","Tai Seng",1982,1.3399,103.8878,1758.6
"974","Tai Seng",1983,1.3399,103.8878,1701.8
"975","Tai Seng",1984,1.3399,103.8878,2963.8
"976","Tai Seng",1985,1.3399,103.8878,2487.2
"977","Tai Seng",1986,1.3399,103.8878,2581.8
"978","Tai Seng",1987,1.3399,103.8878,2464.2
"979","Tai Seng",1988,1.3399,103.8878,2480.9
"980","Tai Seng",1989,1.3399,103.8878,2697.7
"981","Tai Seng",1990,1.3399,103.8878,1787.5
"982","Tai Seng",1991,1.3399,103.8878,1956.6
"983","Tai Seng",1992,1.3399,103.8878,2491.8
"984","Tai Seng",1993,1.3399,103.8878,2664
"985","Tai Seng",1994,1.3399,103.8878,2590.5
"986","Tai Seng",1995,1.3399,103.8878,2241.1
"987","Tai Seng",1996,1.3399,103.8878,2924.3
"988","Tai Seng",1997,1.3399,103.8878,1475.5
"989","Tai Seng",1998,1.3399,103.8878,2951.4
"990","Tai Seng",1999,1.3399,103.8878,2804.9
"991","Tai Seng",2000,1.3399,103.8878,2581.6
"992","Tai Seng",2001,1.3399,103.8878,2650.8
"993","Tai Seng",2002,1.3399,103.8878,2159.8
"994","Tai Seng",2003,1.3399,103.8878,2511.1
"995","Tai Seng",2004,1.3399,103.8878,2906.2
"996","Tai Seng",2005,1.3399,103.8878,2481.7
"997","Tai Seng",2006,1.3399,103.8878,2938
"998","Tai Seng",2007,1.3399,103.8878,3014.4
"999","Tai Seng",2008,1.3399,103.8878,2837.1
"1000","Tai Seng",2009,1.3399,103.8878,2268.6
"1001","Tai Seng",2010,1.3399,103.8878,2656.6
"1002","Tai Seng",2011,1.3399,103.8878,3122.7
"1003","Tai Seng",2012,1.3399,103.8878,2510.2
"1004","Tai Seng",2013,1.3399,103.8878,3093.8
"1005","Tai Seng",2014,1.3399,103.8878,1950.4
"1006","Tai Seng",2015,1.3399,103.8878,1584.6
"1007","Tai Seng",2016,1.3399,103.8878,2249.2
"1008","Tai Seng",2017,1.3399,103.8878,2695.8
"1009","Tai Seng",2018,1.3399,103.8878,2184
"1010","Tai Seng",2019,1.3399,103.8878,1638.7
"1011","Tai Seng",2020,1.3399,103.8878,168.8
"1012","Tanjong Katong",1980,1.307,103.8907,1629.4
"1013","Tanjong Katong",1981,1.307,103.8907,1404.7
"1014","Tanjong Katong",1982,1.307,103.8907,1273.7
"1015","Tanjong Katong",1983,1.307,103.8907,1415.5
"1016","Tanjong Katong",1984,1.307,103.8907,2340.9
"1017","Tanjong Katong",1985,1.307,103.8907,2003
"1018","Tanjong Katong",1986,1.307,103.8907,2300.1
"1019","Tanjong Katong",1987,1.307,103.8907,2467.3
"1020","Tanjong Katong",1988,1.307,103.8907,2435.7
"1021","Tanjong Katong",1989,1.307,103.8907,2375.4
"1022","Tanjong Katong",1990,1.307,103.8907,1674.9
"1023","Tanjong Katong",1991,1.307,103.8907,1679.3
"1024","Tanjong Katong",1992,1.307,103.8907,1796.2
"1025","Tanjong Katong",1993,1.307,103.8907,1982.4
"1026","Tanjong Katong",1994,1.307,103.8907,2416.9
"1027","Tanjong Katong",1995,1.307,103.8907,2180.9
"1028","Tanjong Katong",1996,1.307,103.8907,2277.5
"1029","Tanjong Katong",1997,1.307,103.8907,1422.3
"1030","Tanjong Katong",1998,1.307,103.8907,2979.6
"1031","Tanjong Katong",1999,1.307,103.8907,2401.2
"1032","Tanjong Katong",2000,1.307,103.8907,2494.4
"1033","Tanjong Katong",2001,1.307,103.8907,2765.1
"1034","Tanjong Katong",2002,1.307,103.8907,1783.4
"1035","Tanjong Katong",2003,1.307,103.8907,2355.3
"1036","Tanjong Katong",2004,1.307,103.8907,2637.7
"1037","Tanjong Katong",2005,1.307,103.8907,2097.4
"1038","Tanjong Katong",2006,1.307,103.8907,2885.5
"1039","Tanjong Katong",2007,1.307,103.8907,2872.6
"1040","Tanjong Katong",2008,1.307,103.8907,2652.1
"1041","Tanjong Katong",2009,1.307,103.8907,2239.5
"1042","Tanjong Katong",2010,1.307,103.8907,2523.2
"1043","Tanjong Katong",2011,1.307,103.8907,2559.8
"1044","Tanjong Katong",2012,1.307,103.8907,2211.6
"1045","Tanjong Katong",2013,1.307,103.8907,2456.6
"1046","Tanjong Katong",2014,1.307,103.8907,1957
"1047","Tanjong Katong",2015,1.307,103.8907,1249.5
"1048","Tanjong Katong",2016,1.307,103.8907,1949.8
"1049","Tanjong Katong",2017,1.307,103.8907,2227
"1050","Tanjong Katong",2018,1.307,103.8907,1937.4
"1051","Tanjong Katong",2019,1.307,103.8907,1417
"1052","Tanjong Katong",2020,1.307,103.8907,183.8
"1053","Tengah",1980,1.3858,103.7114,2596.8
"1054","Tengah",1981,1.3858,103.7114,2163.2
"1055","Tengah",1982,1.3858,103.7114,2115.3
"1056","Tengah",1983,1.3858,103.7114,1651.2
"1057","Tengah",1984,1.3858,103.7114,3334.3
"1058","Tengah",1985,1.3858,103.7114,2414.5
"1059","Tengah",1986,1.3858,103.7114,2652.2
"1060","Tengah",1987,1.3858,103.7114,2424.3
"1061","Tengah",1988,1.3858,103.7114,2918.7
"1062","Tengah",1989,1.3858,103.7114,2630.3
"1063","Tengah",1990,1.3858,103.7114,1937.4
"1064","Tengah",1991,1.3858,103.7114,2017.1
"1065","Tengah",1992,1.3858,103.7114,2858.4
"1066","Tengah",1993,1.3858,103.7114,2857.7
"1067","Tengah",1994,1.3858,103.7114,2300.3
"1068","Tengah",1995,1.3858,103.7114,3582.9
"1069","Tengah",1996,1.3858,103.7114,2532
"1070","Tengah",1997,1.3858,103.7114,2131.4
"1071","Tengah",1998,1.3858,103.7114,2847.8
"1072","Tengah",1999,1.3858,103.7114,2532.8
"1073","Tengah",2000,1.3858,103.7114,2439.1
"1074","Tengah",2001,1.3858,103.7114,2798.2
"1075","Tengah",2002,1.3858,103.7114,2670.7
"1076","Tengah",2003,1.3858,103.7114,3393
"1077","Tengah",2004,1.3858,103.7114,2898.9
"1078","Tengah",2005,1.3858,103.7114,2658.9
"1079","Tengah",2006,1.3858,103.7114,3190.3
"1080","Tengah",2007,1.3858,103.7114,3542.5
"1081","Tengah",2008,1.3858,103.7114,2763.4
"1082","Tengah",2009,1.3858,103.7114,2159.9
"1083","Tengah",2010,1.3858,103.7114,2987.4
"1084","Tengah",2011,1.3858,103.7114,3669.8
"1085","Tengah",2012,1.3858,103.7114,3022.4
"1086","Tengah",2013,1.3858,103.7114,2860.4
"1087","Tengah",2014,1.3858,103.7114,2536.6
"1088","Tengah",2015,1.3858,103.7114,2003
"1089","Tengah",2016,1.3858,103.7114,2803.5
"1090","Tengah",2017,1.3858,103.7114,2941.7
"1091","Tengah",2018,1.3858,103.7114,3036.4
"1092","Tengah",2019,1.3858,103.7114,2316.4
"1093","Tengah",2020,1.3858,103.7114,126.8
"1094","Toa Payoh",2010,1.3415,103.8519,2580.4
"1095","Toa Payoh",2011,1.3415,103.8519,3079.3
"1096","Toa Payoh",2012,1.3415,103.8519,2782
"1097","Toa Payoh",2013,1.3415,103.8519,3002.6
"1098","Toa Payoh",2014,1.3415,103.8519,2158.7
"1099","Toa Payoh",2015,1.3415,103.8519,1759.6
"1100","Toa Payoh",2016,1.3415,103.8519,2219.8
"1101","Toa Payoh",2017,1.3415,103.8519,2485.8
"1102","Toa Payoh",2018,1.3415,103.8519,2708.4
"1103","Toa Payoh",2019,1.3415,103.8519,1706
"1104","Toa Payoh",2020,1.3415,103.8519,165.8
"1105","Tuas",2009,1.3199,103.6616,2275.4
"1106","Tuas",2010,1.3199,103.6616,2326.6
"1107","Tuas",2011,1.3199,103.6616,2579
"1108","Tuas",2012,1.3199,103.6616,2099.4
"1109","Tuas",2013,1.3199,103.6616,2573.4
"1110","Tuas",2014,1.3199,103.6616,1891.2
"1111","Tuas",2015,1.3199,103.6616,2248.3
"1112","Tuas",2016,1.3199,103.6616,2581.6
"1113","Tuas",2017,1.3199,103.6616,2553.2
"1114","Tuas",2018,1.3199,103.6616,2874.2
"1115","Tuas",2019,1.3199,103.6616,2152.8
"1116","Tuas",2020,1.3199,103.6616,295.4
"1117","Tuas South",2011,1.2938,103.6184,2181.2
"1118","Tuas South",2012,1.2938,103.6184,2573
"1119","Tuas South",2013,1.2938,103.6184,2406
"1120","Tuas South",2014,1.2938,103.6184,1751.8
"1121","Tuas South",2015,1.2938,103.6184,2009
"1122","Tuas South",2016,1.2938,103.6184,2245.2
"1123","Tuas South",2017,1.2938,103.6184,2332.2
"1124","Tuas South",2018,1.2938,103.6184,2397.4
"1125","Tuas South",2019,1.2938,103.6184,1749.4
"1126","Tuas South",2020,1.2938,103.6184,259.4
"1127","Tuas West",2009,1.3247,103.6351,1979
"1128","Tuas West",2010,1.3247,103.6351,2330.2
"1129","Tuas West",2011,1.3247,103.6351,2741.4
"1130","Tuas West",2012,1.3247,103.6351,2218
"1131","Tuas West",2013,1.3247,103.6351,2602
"1132","Tuas West",2014,1.3247,103.6351,1953.8
"1133","Tuas West",2015,1.3247,103.6351,1425.9
"1134","Tuas West",2016,1.3247,103.6351,17.4
"1135","Tuas West",2017,1.3247,103.6351,2428.2
"1136","Tuas West",2018,1.3247,103.6351,2672.8
"1137","Tuas West",2019,1.3247,103.6351,2102.6
"1138","Tuas West",2020,1.3247,103.6351,297
"1139","Ulu Pandan",1980,1.3329,103.7556,2823
"1140","Ulu Pandan",1981,1.3329,103.7556,2326.2
"1141","Ulu Pandan",1982,1.3329,103.7556,2210.4
"1142","Ulu Pandan",1983,1.3329,103.7556,1470.8
"1143","Ulu Pandan",1984,1.3329,103.7556,3227.9
"1144","Ulu Pandan",1985,1.3329,103.7556,2503
"1145","Ulu Pandan",1986,1.3329,103.7556,2755.4
"1146","Ulu Pandan",1987,1.3329,103.7556,2382.1
"1147","Ulu Pandan",1988,1.3329,103.7556,3084.1
"1148","Ulu Pandan",1989,1.3329,103.7556,2560
"1149","Ulu Pandan",1990,1.3329,103.7556,1718.8
"1150","Ulu Pandan",1991,1.3329,103.7556,2087.6
"1151","Ulu Pandan",1992,1.3329,103.7556,2778
"1152","Ulu Pandan",1993,1.3329,103.7556,2904.9
"1153","Ulu Pandan",1994,1.3329,103.7556,2312
"1154","Ulu Pandan",1995,1.3329,103.7556,3065.7
"1155","Ulu Pandan",1996,1.3329,103.7556,2384.4
"1156","Ulu Pandan",1997,1.3329,103.7556,1821.6
"1157","Ulu Pandan",1998,1.3329,103.7556,2658.7
"1158","Ulu Pandan",1999,1.3329,103.7556,2129.1
"1159","Ulu Pandan",2000,1.3329,103.7556,2377.5
"1160","Ulu Pandan",2001,1.3329,103.7556,2912.1
"1161","Ulu Pandan",2002,1.3329,103.7556,2266.6
"1162","Ulu Pandan",2003,1.3329,103.7556,2898.7
"1163","Ulu Pandan",2004,1.3329,103.7556,2542.3
"1164","Ulu Pandan",2005,1.3329,103.7556,2378.3
"1165","Ulu Pandan",2006,1.3329,103.7556,3283.1
"1166","Ulu Pandan",2007,1.3329,103.7556,3494.5
"1167","Ulu Pandan",2008,1.3329,103.7556,2663.2
"1168","Ulu Pandan",2009,1.3329,103.7556,2206.9
"1169","Ulu Pandan",2010,1.3329,103.7556,2801.2
"1170","Ulu Pandan",2011,1.3329,103.7556,3498.6
"1171","Ulu Pandan",2012,1.3329,103.7556,2939.6
"1172","Ulu Pandan",2013,1.3329,103.7556,2858.5
"1173","Ulu Pandan",2014,1.3329,103.7556,2148.2
"1174","Ulu Pandan",2015,1.3329,103.7556,1586.1
"1175","Ulu Pandan",2016,1.3329,103.7556,1799.9
"1176","Ulu Pandan",2017,1.3329,103.7556,2661.2
"1177","Ulu Pandan",2018,1.3329,103.7556,2959.4
"1178","Ulu Pandan",2019,1.3329,103.7556,1741.4
"1179","Ulu Pandan",2020,1.3329,103.7556,129.6
"1180","Upper Peirce Reservoir",2010,1.37,103.805,2849.6
"1181","Upper Peirce Reservoir",2011,1.37,103.805,3036
"1182","Upper Peirce Reservoir",2012,1.37,103.805,2905.6
"1183","Upper Peirce Reservoir",2013,1.37,103.805,3136.2
"1184","Upper Peirce Reservoir",2014,1.37,103.805,2058.7
"1185","Upper Peirce Reservoir",2015,1.37,103.805,1795
"1186","Upper Peirce Reservoir",2016,1.37,103.805,2219.8
"1187","Upper Peirce Reservoir",2017,1.37,103.805,3146
"1188","Upper Peirce Reservoir",2018,1.37,103.805,2676.8
"1189","Upper Peirce Reservoir",2019,1.37,103.805,1501.6
"1190","Upper Peirce Reservoir",2020,1.37,103.805,90.6
"1191","Upper Thomson",1980,1.3416,103.8106,2205.9
"1192","Upper Thomson",1981,1.3416,103.8106,2146.6
"1193","Upper Thomson",1982,1.3416,103.8106,2151.5
"1194","Upper Thomson",1983,1.3416,103.8106,1541.9
"1195","Upper Thomson",1984,1.3416,103.8106,2847.1
"1196","Upper Thomson",1985,1.3416,103.8106,2599.4
"1197","Upper Thomson",1986,1.3416,103.8106,2548.6
"1198","Upper Thomson",1987,1.3416,103.8106,2536.1
"1199","Upper Thomson",1988,1.3416,103.8106,2663.5
"1200","Upper Thomson",1989,1.3416,103.8106,2564.6
"1201","Upper Thomson",1990,1.3416,103.8106,2037.6
"1202","Upper Thomson",1991,1.3416,103.8106,2372.3
"1203","Upper Thomson",1992,1.3416,103.8106,2924
"1204","Upper Thomson",1993,1.3416,103.8106,2631.1
"1205","Upper Thomson",1994,1.3416,103.8106,2636.9
"1206","Upper Thomson",1995,1.3416,103.8106,2879.4
"1207","Upper Thomson",1996,1.3416,103.8106,2432.3
"1208","Upper Thomson",1997,1.3416,103.8106,1933.5
"1209","Upper Thomson",1998,1.3416,103.8106,2772.7
"1210","Upper Thomson",1999,1.3416,103.8106,2121.7
"1211","Upper Thomson",2000,1.3416,103.8106,2306.7
"1212","Upper Thomson",2001,1.3416,103.8106,2368.6
"1213","Upper Thomson",2002,1.3416,103.8106,1953
"1214","Upper Thomson",2003,1.3416,103.8106,3171.9
"1215","Upper Thomson",2004,1.3416,103.8106,2677.1
"1216","Upper Thomson",2005,1.3416,103.8106,2516
"1217","Upper Thomson",2006,1.3416,103.8106,3350.3
"1218","Upper Thomson",2007,1.3416,103.8106,3149.1
"1219","Upper Thomson",2008,1.3416,103.8106,2525.8
"1220","Upper Thomson",2009,1.3416,103.8106,2129.3
"1221","Upper Thomson",2010,1.3416,103.8106,2946.2
"1222","Upper Thomson",2011,1.3416,103.8106,3287.8
"1223","Upper Thomson",2012,1.3416,103.8106,2776
"1224","Upper Thomson",2013,1.3416,103.8106,2785
"1225","Upper Thomson",2014,1.3416,103.8106,2104.4
"1226","Upper Thomson",2015,1.3416,103.8106,1832.8
"1227","Upper Thomson",2016,1.3416,103.8106,2211.2
"1228","Upper Thomson",2017,1.3416,103.8106,2431.9
"1229","Upper Thomson",2018,1.3416,103.8106,2400
"1230","Upper Thomson",2019,1.3416,103.8106,1334.8
"1231","Upper Thomson",2020,1.3416,103.8106,92.8
"1232","Whampoa",2011,1.3214,103.8577,1232.2
"1233","Whampoa",2012,1.3214,103.8577,2638.2
"1234","Whampoa",2013,1.3214,103.8577,2877.2
"1235","Whampoa",2014,1.3214,103.8577,2034.4
"1236","Whampoa",2015,1.3214,103.8577,1850.6
"1237","Whampoa",2016,1.3214,103.8577,2140.6
"1238","Whampoa",2017,1.3214,103.8577,2336.8
"1239","Whampoa",2018,1.3214,103.8577,2467.6
"1240","Whampoa",2019,1.3214,103.8577,1701.4
"1241","Whampoa",2020,1.3214,103.8577,181
"1242","Yishun",2009,1.4301,103.8308,1292.2
"1243","Yishun",2010,1.4301,103.8308,2753.2
"1244","Yishun",2011,1.4301,103.8308,3145.4
"1245","Yishun",2012,1.4301,103.8308,2774.4
"1246","Yishun",2013,1.4301,103.8308,2156
"1247","Yishun",2014,1.4301,103.8308,2256
"1248","Yishun",2015,1.4301,103.8308,1825.2
"1249","Yishun",2016,1.4301,103.8308,2193.7
"1250","Yishun",2017,1.4301,103.8308,2591.2
"1251","Yishun",2018,1.4301,103.8308,2099.1
"1252","Yishun",2019,1.4301,103.8308,1209.4
"1253","Yishun",2020,1.4301,103.8308,124.4
